<?xml version="1.0" encoding="UTF-8"?>
<addon id="repository.custom.archivczsk" version="1.3" name="Custom archivczsk addons" provider-name="mx3L">
  <requires>
    <import addon="xbmc.addon" version="0.1" />
  </requires>
  <extension point="xbmc.addon.repository" name="repository.custom.archivczsk addons repository">
    <info compressed="false">http://cdn.rawgit.com/mx3L/archivczsk-doplnky/{commit}/custom/addons.xml</info>
    <checksum>http://cdn.rawgit.com/mx3L/archivczsk-doplnky/{commit}/custom/addons.xml.md5</checksum>
    <datadir zip="false">http://cdn.rawgit.com/mx3L/archivczsk-doplnky/{commit}/custom/repo</datadir>
  </extension>
  <extension point="xbmc.addon.metadata">
    <summary>Custom archivczsk addons (dmd-xbmc.googlecode.com)</summary>
    <description>
    archivczsk addons
    </description>
    <platform>all</platform>
  </extension>
</addon>