<skin>
  <screen name="ArchivCZSKContentScreen" position="center,center" size="2314,1480" title="ArchivCZSK" flags="wfBorder" transparent="0">
    <widget backgroundColor="#9f1313" font="Regular;50" halign="center" name="key_red" position="20,12" shadowColor="black" shadowOffset="-2,-2" size="552,114" valign="center" zPosition="1" />
    <widget backgroundColor="#1f771f" font="Regular;50" halign="center" name="key_green" position="592,12" shadowColor="black" shadowOffset="-2,-2" size="552,114" valign="center" zPosition="1" />
    <widget backgroundColor="#a08500" font="Regular;50" halign="center" name="key_yellow" position="1166,12" shadowColor="black" shadowOffset="-2,-2" size="552,114" valign="center" zPosition="1" />
    <widget backgroundColor="#18188b" font="Regular;50" halign="center" name="key_blue" position="1740,12" shadowColor="black" shadowOffset="-2,-2" size="552,114" valign="center" zPosition="1" />
    <widget source="menu" render="Listbox" position="30,158" size="1118,1130" transparent="1" >
      <convert type="TemplatedMultiContent">
        {"templates":
        {"default": (70,
        [
        MultiContentEntryText(pos=(0,12), size=(1104,76), font=0, flags=RT_VALIGN_TOP | RT_HALIGN_LEFT, text=0, color=0xff000001), # addon/category name
        ]
        , True, "showNever"),
        "management": (70,
        [
        MultiContentEntryText(pos=(0,12), size=(1104,76), font=0, flags=RT_VALIGN_TOP | RT_HALIGN_LEFT, text=0, color=0xffffff),
        MultiContentEntryText(pos=(0,12), size=(1104,76), font=0, flags=RT_VALIGN_TOP | RT_HALIGN_RIGHT, text=1, color=0xff000002)
        ]
        , True, "showNever"),

        },
        "fonts": [gFont("Regular", 52)],
        "itemHeight": 70
        }
      </convert>
    </widget>
    <widget alphatest="on" name="image" position="1396,318" size="658,658" zPosition="2" />
    <widget font="Regular;50" foregroundColor="yellow" halign="center" name="title" position="1212,164" size="974,102" transparent="1" />
    <widget font="Regular;50" foregroundColor="yellow" halign="left" name="author" position="1252,1032" size="974,64" transparent="1" />
    <widget font="Regular;50" foregroundColor="yellow" halign="left" name="version" position="1252,1128" size="974,64" transparent="1" />
    <widget font="Regular;50" foregroundColor="white" halign="left" name="about" position="1252,1220" size="974,256" transparent="1" />
    <widget font="Regular;50" foregroundColor="white" halign="left" name="tip_label" position="154,1388" size="1020,64" transparent="1" />
    <widget name="tip_pixmap" alphatest="on" zPosition="2" position="34,1384" size="88,64" />
    <widget name="status_label" position="28,1380" size="770,64" font="Regular;44"  transparent="1" halign="left" valign="center" zPosition="2" foregroundColor="white" />
  </screen>

  <screen name="ArchivCZSKAddonContentScreen" position="center,center" size="2314,1478" title="ContentMenuScreen">
    <widget backgroundColor="#9f1313" font="Regular;50" halign="center" name="key_red" position="20,12" shadowColor="black" shadowOffset="-2,-2" size="552,114" valign="center" zPosition="1" />
    <widget backgroundColor="#1f771f" font="Regular;50" halign="center" name="key_green" position="592,12" shadowColor="black" shadowOffset="-2,-2" size="552,114" valign="center" zPosition="1" />
    <widget backgroundColor="#a08500" font="Regular;50" halign="center" name="key_yellow" position="1166,12" shadowColor="black" shadowOffset="-2,-2" size="552,114" valign="center" zPosition="1" />
    <widget backgroundColor="#18188b" font="Regular;50" halign="center" name="key_blue" position="1740,12" shadowColor="black" shadowOffset="-2,-2" size="552,114" valign="center" zPosition="1" />
    <widget name="path_label" position="30,144" size="2236,64" halign="left" font="Regular;48" transparent="1" foregroundColor="#C4C4C4" />
    <eLabel position="24,208" size="2262,2" zPosition="1" backgroundColor="#C4C4C4" />
    <widget source="menu" render="Listbox" position="24,228" size="2262,1110" transparent="1" >
      <convert type="ACZSKKodiToE2List">Index:1,ColorCodes,Bold:FCE083,Italic:FCE083</convert>
      <convert type="TemplatedMultiContent">
        {"templates":
        {"default": (70,
        [
        MultiContentEntryPixmapAlphaTest(pos=(12,12), size=(70,50), png=0),
        MultiContentEntryText(pos=(120,0), size=(2442,76), font=0, flags=RT_VALIGN_TOP | RT_HALIGN_LEFT, text=1)
        ]
        , True, "showOnDemand"),
        },
        "fonts": [gFont("Regular", 52)],
        "itemHeight": 70
        }
      </convert>
    </widget>
    <widget font = "Regular; 22" foregroundColor = "white" halign = "left" name = "status_label" position = "15,690" size = "687,32" transparent = "1" valign = "center" zPosition = "2" />
    <widget alphatest="on" name="tip_pixmap" position="22,1416" size="88,64" zPosition="2" />
    <widget font="Regular;46" foregroundColor="white" halign="left" name="tip_label" position="140,1408" size="1266,64" transparent="1" valign="center" zPosition="2" />
  </screen>

  <screen name="ArchivCZSKAddonContentScreenAdvanced" position="center,center" size="2314,1478" title="ContentMenuScreen">
    <widget backgroundColor="#9f1313" font="Regular;50" halign="center" name="key_red" position="20,12" shadowColor="black" shadowOffset="-2,-2" size="552,114" valign="center" zPosition="1" />
    <widget backgroundColor="#1f771f" font="Regular;50" halign="center" name="key_green" position="592,12" shadowColor="black" shadowOffset="-2,-2" size="552,114" valign="center" zPosition="1" />
    <widget backgroundColor="#a08500" font="Regular;50" halign="center" name="key_yellow" position="1166,12" shadowColor="black" shadowOffset="-2,-2" size="552,114" valign="center" zPosition="1" />
    <widget backgroundColor="#18188b" font="Regular;50" halign="center" name="key_blue" position="1740,12" shadowColor="black" shadowOffset="-2,-2" size="552,114" valign="center" zPosition="1" />
    <widget name="path_label" position="30,144" size="2236,64" halign="left" font="Regular;48" transparent="1" foregroundColor="#C4C4C4" />
    <eLabel position="24,208" size="2262,2" zPosition="1" backgroundColor="#C4C4C4" />

    <widget alphatest="on" name="movie_poster_image" position="1666,214" size="400,600" transparent="1" backgroundColor="#a08500" />
    <widget font="Regular;46" foregroundColor="#ffffff" halign="left" name="movie_rating" position="1676,820" size="160,48" transparent="1" backgroundColor="#18188b"/>
    <widget font="Regular;46" foregroundColor="#ffffff" halign="right" name="movie_duration" position="1846,820" size="210,48" transparent="1" backgroundColor="#C4C4C4"/>
    <widget font="Regular;48" foregroundColor="#ccc91c" halign="left" name="movie_plot" position="1426,904" size="880,536" transparent="1" backgroundColor="#1f771f"/>
    
    <widget source="menu" render="Listbox" position="24,228" size="1380,1110" transparent="1" >
      <convert type="ACZSKKodiToE2List">Index:1,ColorCodes,Bold:FCE083,Italic:FCE083</convert>
      <convert type="TemplatedMultiContent">
        {"templates":
        {"default": (70,
        [
        MultiContentEntryPixmapAlphaTest(pos=(12,12), size=(70,50), png=0),
        MultiContentEntryText(pos=(120,0), size=(2442,76), font=0, flags=RT_VALIGN_TOP | RT_HALIGN_LEFT, text=1)
        ]
        , True, "showOnDemand"),
        },
        "fonts": [gFont("Regular", 52)],
        "itemHeight": 70
        }
      </convert>
    </widget>
    <widget font = "Regular; 22" foregroundColor = "white" halign = "left" name = "status_label" position = "15,690" size = "687,32" transparent = "1" valign = "center" zPosition = "2" />
    <widget alphatest="on" name="tip_pixmap" position="22,1416" size="88,64" zPosition="2" />
    <widget font="Regular;46" foregroundColor="white" halign="left" name="tip_label" position="140,1408" size="1266,64" transparent="1" valign="center" zPosition="2" />
  </screen>

  <screen name="ArchivCZSKVideoPlayerInfoScreen" position="center,center" size="2314,1478" title="ContentScreen">
    <widget backgroundColor="#9f1313" font="Regular;50" halign="center" name="key_red" position="20,12" shadowColor="black" shadowOffset="-2,-2" size="552,114" valign="center" zPosition="1" />
    <widget backgroundColor="#1f771f" font="Regular;50" halign="center" name="key_green" position="592,12" shadowColor="black" shadowOffset="-2,-2" size="552,114" valign="center" zPosition="1" />
    <widget backgroundColor="#a08500" font="Regular;50" halign="center" name="key_yellow" position="1166,12" shadowColor="black" shadowOffset="-2,-2" size="552,114" valign="center" zPosition="1" />
    <widget backgroundColor="#18188b" font="Regular;50" halign="center" name="key_blue" position="1740,12" shadowColor="black" shadowOffset="-2,-2" size="552,114" valign="center" zPosition="1" />
    <widget name="detected player" position="60,160" size="570,78" font="Regular;52" />
    <widget name="detected player_val" position="678,160" size="360,78" font="Regular;52" />
    <widget name="protocol" position="84,346" size="874,76"  foregroundColor="#e5b243" font="Regular;52" />
    <widget name="container" position="84,814" size="874,76"  font="Regular;52" foregroundColor="#e5b243" />
    <widget name="protocol_list" position="118,446" size="912,330" font="Regular;52"/>
    <widget name="container_list" position="118,916" size="912,528" font="Regular;52" />
    <widget name="info_scrolllabel" position="1138,160" size="1114,1300" valign="top" font="Regular;50"/>
  </screen>

  <screen name="ArchivCZSKContextMenuScreen" position="center,center" size="1284,898">
    <widget name="item_pixmap" position="24,32" size="88,64" alphatest="on" />
    <widget name="item_label" position="156,24" size="1090,154" halign="center" foregroundColor="#e5b243" font="Regular;50" />
    <widget name="list" position="16,150" scrollbarMode="showOnDemand" size="1248,720"/>
  </screen>

  <screen name="ArchivCZSKSelectSourceScreen" position="center,center" size="1284,898">
    <!-- <widget name="item_pixmap" position="24,32" size="88,64" alphatest="on" /> -->
    <widget name="item_label" position="24,24" size="1234,76" halign="center" foregroundColor="#e5b243" font="Regular;44" />
    <eLabel position="24,128" size="1234,2" backgroundColor="#999999" />
    <widget name="list" position="16,150" scrollbarMode="showOnDemand" size="1248,720"/>
  </screen>

  <screen name="ArchivCZSKSearchClientScreen" position="center,center" size="1284,1028">
    <ePixmap name="search_pixmap" position="24,32" size="88,68" zPosition="0" alphatest="blend" pixmap="/usr/lib/enigma2/python/Plugins/Extensions/archivCZSK/gui/icon/search.png" />
    <widget name="search" position="146,32" size="1090,176" foregroundColor="#e5b243" halign="center" font="Regular;46" />
    <ePixmap name="red_pixmap" position="24,230" size="88,68" zPosition="0" alphatest="blend" pixmap="/usr/lib/enigma2/python/Plugins/Extensions/archivCZSK/gui/icon/red.png" />
    <widget source="red_label" render="Label" position="128,230" size="848,70" font="Regular;58" halign="left" backgroundColor="background"  transparent="1"/>
    <ePixmap name="green_pixmap" position="24,308" size="88,68" zPosition="0" alphatest="blend" pixmap="/usr/lib/enigma2/python/Plugins/Extensions/archivCZSK/gui/icon/green.png" />
    <widget source="green_label" render="Label" position="128,308" size="848,70" font="Regular;58" halign="left" backgroundColor="background"  transparent="1"/>
    <ePixmap name="blue_pixmap" position="24,384" size="88,68" zPosition="0" alphatest="blend" pixmap="/usr/lib/enigma2/python/Plugins/Extensions/archivCZSK/gui/icon/blue.png" />
    <widget source="blue_label" render="Label" position="128,384" size="848,70" font="Regular;58" halign="left" backgroundColor="background"  transparent="1"/>
    <widget source="menu" render="Listbox" position="0,532" size="1284,436" transparent="1" >
      <convert type="TemplatedMultiContent">
        {"templates":
        {"default": (70,
        [
        MultiContentEntryText(pos=(24,0), size=(2442,76), font=0, flags=RT_VALIGN_TOP | RT_HALIGN_LEFT, text=0)
        ]
        , True, "showOnDemand"),
        },
        "fonts": [gFont("Regular", 52)],
        "itemHeight": 70
        }
      </convert>
    </widget>
  </screen>

  <screen name="ArchivCZSKConfigScreen" position="center,center" size="2314,1478">
    <widget backgroundColor="#9f1313" font="Regular;50" halign="center" name="key_red" position="20,12" shadowColor="black" shadowOffset="-2,-2" size="552,114" valign="center" zPosition="1" />
    <widget backgroundColor="#1f771f" font="Regular;50" halign="center" name="key_green" position="592,12" shadowColor="black" shadowOffset="-2,-2" size="552,114" valign="center" zPosition="1" />
    <widget backgroundColor="#a08500" font="Regular;50" halign="center" name="key_yellow" position="1166,12" shadowColor="black" shadowOffset="-2,-2" size="552,114" valign="center" zPosition="1" />
    <widget backgroundColor="#18188b" font="Regular;50" halign="center" name="key_blue" position="1740,12" shadowColor="black" shadowOffset="-2,-2" size="552,114" valign="center" zPosition="1" />
    <eLabel position="10,134" size="2294,2" backgroundColor="#ffffff" />
    <widget name="categories" position="20,142" size="2274,110" tab_size="276,45" spaceWidth="10" tab_fontInactive="Regular;23" tab_fontActive="Regular;26" tab_backgroundColorActive="#000000" tab_backgroundColorInactive="#000000" />
    <widget name="config" position="20,272" size="2260,1260" font="Regular;52" itemHeight="60" scrollbarMode="showOnDemand" />
  </screen>

  <screen name="ArchivCZSKChangelogScreen" position="center,center" size="2314,1480" title="Info" >
    <widget name="changelog" position="16,10" size="2298,1460" font="Regular;50" transparent="1" foregroundColor="white" />
  </screen>

  <screen name="ArchivCZSKShortcutsScreen" position="center,center" size="2314,1480" title="ShortcutsScreen">
    <widget backgroundColor="#9f1313" font="Regular;50" halign="center" name="key_red" position="20,12" shadowColor="black" shadowOffset="-2,-2" size="552,114" valign="center" zPosition="1" />
    <widget backgroundColor="#1f771f" font="Regular;50" halign="center" name="key_green" position="592,12" shadowColor="black" shadowOffset="-2,-2" size="552,114" valign="center" zPosition="1" />
    <widget backgroundColor="#a08500" font="Regular;50" halign="center" name="key_yellow" position="1166,12" shadowColor="black" shadowOffset="-2,-2" size="552,114" valign="center" zPosition="1" />
    <widget backgroundColor="#18188b" font="Regular;50" halign="center" name="key_blue" position="1740,12" shadowColor="black" shadowOffset="-2,-2" size="552,114" valign="center" zPosition="1" />
    <widget source="menu" render="Listbox" position="16,140" size="2274,1144" transparent="1" >
      <convert type="TemplatedMultiContent">
        {"templates":
        {"default": (70,
        [
        MultiContentEntryPixmapAlphaTest(pos=(12,12), size=(70,50), png=0),
        MultiContentEntryText(pos=(120,0), size=(2442,76), font=0, flags=RT_VALIGN_TOP | RT_HALIGN_LEFT, text=1)
        ]
        , True, "showOnDemand"),
        },
        "fonts": [gFont("Regular", 52)],
        "itemHeight": 70
        }
      </convert>
    </widget>
  </screen>

  <screen name="ArchivCZSKDownloadListScreen" position="center,center" size="2314,1480" title="ShortcutsScreen">
    <widget backgroundColor="#9f1313" font="Regular;50" halign="center" name="key_red" position="20,12" shadowColor="black" shadowOffset="-2,-2" size="552,114" valign="center" zPosition="1" />
    <widget backgroundColor="#1f771f" font="Regular;50" halign="center" name="key_green" position="592,12" shadowColor="black" shadowOffset="-2,-2" size="552,114" valign="center" zPosition="1" />
    <widget backgroundColor="#a08500" font="Regular;50" halign="center" name="key_yellow" position="1166,12" shadowColor="black" shadowOffset="-2,-2" size="552,114" valign="center" zPosition="1" />
    <widget backgroundColor="#18188b" font="Regular;50" halign="center" name="key_blue" position="1740,12" shadowColor="black" shadowOffset="-2,-2" size="552,114" valign="center" zPosition="1" />
    <widget name="menu" position="16,140" scrollbarMode="showOnDemand" size="2274,1300" transparent="1" />
  </screen>

  <screen name="ArchivCZSKDownloadsScreen" position="center,center" size="2314,1480" title="ShortcutsScreen">
    <widget backgroundColor="#9f1313" font="Regular;50" halign="center" name="key_red" position="20,12" shadowColor="black" shadowOffset="-2,-2" size="552,114" valign="center" zPosition="1" />
    <widget backgroundColor="#1f771f" font="Regular;50" halign="center" name="key_green" position="592,12" shadowColor="black" shadowOffset="-2,-2" size="552,114" valign="center" zPosition="1" />
    <widget backgroundColor="#a08500" font="Regular;50" halign="center" name="key_yellow" position="1166,12" shadowColor="black" shadowOffset="-2,-2" size="552,114" valign="center" zPosition="1" />
    <widget backgroundColor="#18188b" font="Regular;50" halign="center" name="key_blue" position="1740,12" shadowColor="black" shadowOffset="-2,-2" size="552,114" valign="center" zPosition="1" />
    <widget name="menu" position="16,140" scrollbarMode="showOnDemand" size="2274,1300" transparent="1" />
  </screen>

  <screen name="ArchivCZSKDownloadStatusScreen" position="center,280" size="1582,1118">
    <widget name="filename" position="24,16" size="1558,112" valign="top" font="Regular;44" foregroundColor="red" halign="center" />
    <widget name="path_label" position="24,168" size="304,52" backgroundColor="background" font="Regular;38" foregroundColor="#e5b243" />
    <widget name="path" position="24,168" size="1558,104" valign="top" halign="left" font="Regular;38" />
    <widget name="start_label" position="22,330" size="1558,52" foregroundColor="#e5b243" font="Regular;38" />
    <widget name="start" position="24,330" size="1558,52" font="Regular;38" />
    <widget name="finish_label" position="22,412" size="1558,52" foregroundColor="#e5b243" font="Regular;38" />
    <widget name="finish" position="24,412" size="1558,52" font="Regular;38" />
    <widget name="size_label" position="24,550" size="1558,52" foregroundColor="#e5b243" font="Regular;38" />
    <widget name="size" position="24,550" size="1558,52" font="Regular;38" />
    <widget name="speed_label" position="24,618" size="1558,52" foregroundColor="#e5b243" font="Regular;38" />
    <widget name="speed" position="24,618" size="1558,52" font="Regular;38" />
    <widget name="state_label" position="24,742" size="1558,52" foregroundColor="#e5b243"  font="Regular;38"/>
    <widget name="state" position="24,742" size="1558,52" foregroundColors="#00b837,#ff2b39,#024dd9" font="Regular;38"/>
    <widget name="status" position="24,848" size="1558,228" font="Console;28" />
  </screen>

  <screen name="ArchivCZSKCaptchaScreen" position="center,center" size="1438,1182" zPosition="99" title="Virtual keyboard">
    <ePixmap pixmap="skin_default/vkey_text.png" position="22,424" zPosition="-4" size="1392,132" alphatest="on" />
    <widget source="country" render="Pixmap" position="1258,0" size="154,102" alphatest="on" borderWidth="2" borderColor="yellow" >
      <convert type="ValueToPixmap">LanguageCode</convert>
    </widget>
    <widget name="header" position="24,24" size="1284,50" font="Regular;50" transparent="1" noWrap="1" />
    <widget name="captcha" position="24,128" size ="694,141" alphatest="blend" zPosition="-1" />
    <widget name="text" position="30,424" size="1378,118" font="Regular;118" transparent="1" noWrap="1" halign="right" />
    <widget name="list" position="24,564" size="1388,578" selectionDisabled="1" transparent="1" />
  </screen>

  <screen name="ArchivCZSKPlaylistScreen" position="center,center" size="2314,1480" flags="wfNoBorder" backgroundColor="#48080808">
    <widget source="title" render="Label" position="0,0" size="2314,178" valign="center" halign="center" backgroundColor="#28080808" font="Regular;60" foregroundColor="#e9b253" />
    <widget source="list" render = "Listbox" position="0,230" size="2314,1250" scrollbarMode="showOnDemand" backgroundColor="#48080808" >
      <convert type="TemplatedMultiContent">
        {"templates":
        {"default": (80, [
        MultiContentEntryText(pos=(0,0),size=(2314,80),font=0,flags=RT_HALIGN_LEFT|RT_VALIGN_CENTER,text=0)
        ], True, "showNever")
        },
        "fonts": [gFont("Regular", 54)],
        "itemHeight": 80
        }
      </convert>
    </widget>
  </screen>

  <screen name="ArchivCZSKChoiceBox" position="center,center" size="1414,1028" zPosition="1">
    <widget name="text" position="24,24" size="1414,64" font="Regular;50" />
    <widget name="list" position="0,76" size="1414,860" scrollbarMode="showOnDemand" font="Regular;50"/>
  </screen>


  <!--CSFD INTERNAL-->
  <screen name="ArchivCSFD" position="center,center" size="3400,1780" title="Archiv CSFD" >
    <widget backgroundColor="#9f1313" font="Regular;50" halign="center" name="key_red" position="20,12" shadowColor="black" shadowOffset="-2,-2" size="552,90" valign="center" zPosition="1" />
    <widget backgroundColor="#1f771f" font="Regular;50" halign="center" name="key_green" position="592,12" shadowColor="black" shadowOffset="-2,-2" size="552,90" valign="center" zPosition="1" />
    <widget backgroundColor="#a08500" font="Regular;50" halign="center" name="key_yellow" position="1166,12" shadowColor="black" shadowOffset="-2,-2" size="552,90" valign="center" zPosition="1" />
    <widget backgroundColor="#18188b" font="Regular;50" halign="center" name="key_blue" position="1740,12" shadowColor="black" shadowOffset="-2,-2" size="552,90" valign="center" zPosition="1" />

    <widget name="starsbg" pixmap="/usr/lib/enigma2/python/Plugins/Extensions/archivCZSK/gui/icon/csfd_starsbar_empty.png" position="2600,40" zPosition="0" size="420,82" transparent="1" alphatest="on" />
    <widget name="stars" position="2600,40" size="420,82" pixmap="/usr/lib/enigma2/python/Plugins/Extensions/archivCZSK/gui/icon/csfd_starsbar_filled.png" transparent="1" />
    <widget name="ratinglabel" position="3100,16" zPosition="10" size="180,90" halign="center" font="Regular;76" foregroundColor="#f0b400"/>

    <widget name="poster" position="20,140" size="756,1080" alphatest="on" borderWidth="1" borderColor="yellow" />
    <widget name="menu" position="20,130" size="3360,1600" font="Regular;56" itemHeight="80" scrollbarMode="showOnDemand" transparent="1" enableWrapAround="on" />
    <widget name="extralabel" position="20,130" size="3360,1600" font="Regular;56" backgroundColor="#18188b" transparent="1"/>
    <widget name="baseFilmInfo" position="820,130" size="2560,376" font="Regular;48" backgroundColor="#18188b" transparent="1"/>
    <widget name="detailslabel" position="820,560" size="2560,1200" font="Regular;60" backgroundColor="#18188b" transparent="1"/>
    
    <widget name="statusbar" position="20,1720" size="1760,48" font="Regular;40" foregroundColor="#7a7a52" />
  </screen>
  <screen name="ArchivCSFDLCDScreen" position="0,0" size="264,128" title="Archiv CSFD">
    <widget name="headline" position="8,0" size="256,44" font="Regular;32"/>
  </screen>
  
</skin>
