<skin>
    <screen name="ArchivCZSKContentScreen" position="center,center" size="900,576" title="ArchivCZSK" flags="wfBorder" transparent="0">
        <widget backgroundColor="#9f1313" font="Regular;20" halign="center" name="key_red" position="8,5" shadowColor="black" shadowOffset="-2,-2" size="215,45" valign="center" zPosition="1" />
        <widget backgroundColor="#1f771f" font="Regular;20" halign="center" name="key_green" position="231,5" shadowColor="black" shadowOffset="-2,-2" size="215,45" valign="center" zPosition="1" />
        <widget backgroundColor="#a08500" font="Regular;20" halign="center" name="key_yellow" position="454,5" shadowColor="black" shadowOffset="-2,-2" size="215,45" valign="center" zPosition="1" />
        <widget backgroundColor="#18188b" font="Regular;20" halign="center" name="key_blue" position="677,5" shadowColor="black" shadowOffset="-2,-2" size="215,45" valign="center" zPosition="1" />
        <widget source="menu" render="Listbox" position="12,62" size="435,427" transparent="1" >
            <convert type="TemplatedMultiContent">
                {"templates":
                    {"default": (29,
                        [
                            MultiContentEntryText(pos=(0, 5), size=(430, 30), font=0, flags=RT_VALIGN_TOP | RT_HALIGN_LEFT, text=0, color=0xff000001), # addon/category name
                        ]
                        , True, "showNever"), 
                    "management": (29, 
                        [
                            MultiContentEntryText(pos=(0, 5), size=(430, 30), font=0, flags=RT_VALIGN_TOP | RT_HALIGN_LEFT, text=0, color=0xffffff),
                            MultiContentEntryText(pos=(0, 5), size=(430, 30), font=0, flags=RT_VALIGN_TOP | RT_HALIGN_RIGHT, text=1, color=0xff000002)
                        ]
                        , True, "showNever"),

                    },
                    "fonts": [gFont("Regular", 21)],
                    "itemHeight": 29
                }
            </convert>
        </widget>
        <widget alphatest="on" name="image" position="543,124" size="256,256" zPosition="2" />
        <widget font="Regular; 25" foregroundColor="yellow" halign="center" name="title" position="472,64" size="379,40" transparent="1" />
        <widget font="Regular;20" foregroundColor="yellow" halign="left" name="author" position="487,402" size="379,25" transparent="1" />
        <widget font="Regular;20" foregroundColor="yellow" halign="left" name="version" position="487,439" size="379,25" transparent="1" />
        <widget font="Regular;20" foregroundColor="white" halign="left" name="about" position="487,475" size="379,100" transparent="1" />
        <widget font="Regular;20" foregroundColor="white" halign="left" name="tip_label" position="60,540" size="397,25" transparent="1" />
        <widget name="tip_pixmap" alphatest="on" zPosition="2" position="14,539" size="35,25" />
        <widget name="status_label" position="11,497" size="300,25" font="Regular; 16"  transparent="1" halign="left" valign="center" zPosition="2" foregroundColor="white" />
    </screen>
    <screen name="ArchivCZSKAddonContentScreen" position="center,center" size="900,575" title="ContentMenuScreen">
        <widget backgroundColor="#9f1313" font="Regular;20" halign="center" name="key_red" position="8,5" shadowColor="black" shadowOffset="-2,-2" size="215,45" valign="center" zPosition="1" />
        <widget backgroundColor="#1f771f" font="Regular;20" halign="center" name="key_green" position="231,5" shadowColor="black" shadowOffset="-2,-2" size="215,45" valign="center" zPosition="1" />
        <widget backgroundColor="#a08500" font="Regular;20" halign="center" name="key_yellow" position="454,5" shadowColor="black" shadowOffset="-2,-2" size="215,45" valign="center" zPosition="1" />
        <widget backgroundColor="#18188b" font="Regular;20" halign="center" name="key_blue" position="677,5" shadowColor="black" shadowOffset="-2,-2" size="215,45" valign="center" zPosition="1" />

        <widget name="path_label" position="15,65" size="870,25" halign="left" font="Regular;19" transparent="1" foregroundColor="#C4C4C4" />
        <eLabel position="15,95" size="870,1" zPosition="1" backgroundColor="#C4C4C4" />
        <widget source="menu" render="Listbox" position="10,110" size="880,400" transparent="1" >
            <convert type="ACZSKKodiToE2List">Index:1,ColorCodes,Bold:FCE083,Italic:FCE083</convert>
            <convert type="TemplatedMultiContent">
                {"templates":
                    {"default": (29, 
                        [
                            MultiContentEntryPixmapAlphaTest(pos=(5, 5), size=(35, 25), png=0),
                            MultiContentEntryText(pos=(60, 0), size=(950, 30), font=0, flags=RT_VALIGN_TOP | RT_HALIGN_LEFT, text=1)
                        ]
                        , True, "showOnDemand"),
                    },
                    "fonts": [gFont("Regular", 21)],
                    "itemHeight": 29
                }
            </convert>
        </widget>
        <widget font = "Regular; 16" foregroundColor = "white" halign = "left" name = "status_label" position = "12,508" size = "535,25" transparent = "1" valign = "center" zPosition = "2" />
        <widget alphatest="on" name="tip_pixmap" position="9,544" size="35,25" zPosition="2" />
        <widget font="Regular;18" foregroundColor="white" halign="left" name="tip_label" position="55,548" size="493,25" transparent="1" valign="center" zPosition="2" />
    </screen>

    <screen name="ArchivCZSKVideoPlayerInfoScreen" position="center,center" size="900,575" title="ContentScreen">
        <widget backgroundColor="#9f1313" font="Regular;20" halign="center" name="key_red" position="8,5" shadowColor="black" shadowOffset="-2,-2" size="215,45" valign="center" zPosition="1" />
        <widget backgroundColor="#1f771f" font="Regular;20" halign="center" name="key_green" position="231,5" shadowColor="black" shadowOffset="-2,-2" size="215,45" valign="center" zPosition="1" />
        <widget backgroundColor="#a08500" font="Regular;20" halign="center" name="key_yellow" position="454,5" shadowColor="black" shadowOffset="-2,-2" size="215,45" valign="center" zPosition="1" />
        <widget backgroundColor="#18188b" font="Regular;20" halign="center" name="key_blue" position="677,5" shadowColor="black" shadowOffset="-2,-2" size="215,45" valign="center" zPosition="1" />
        <widget name="detected player" position="24,81" size="222,31" font="Regular; 26" />
        <widget name="detected player_val" position="264,81" size="222,31" font="Regular; 26" />
        <widget name="protocol" position="33,135" size="340,30"  foregroundColor="#e5b243" font="Regular; 24" />
        <widget name="container" position="33,317" size="340,30"  font="Regular; 24" foregroundColor="#e5b243" />
        <widget name="protocol_list" position="46,174" size="355,129" />
        <widget name="container_list" position="46,357" size="355,206" />
        <widget name="info_scrolllabel" position="443,135" size="434,428" valign="top" font="Regular; 19"/>
    </screen>
    
    <screen name="ArchivCZSKContextMenuScreen" position="center,center" size="500,350">
        <widget name="item_pixmap" position="10,13" size="35,25" alphatest="on" />
        <widget name="item_label" position="61,10" size="424,60" halign="center" foregroundColor="#e5b243" font="Regular; 22" />
        <widget name="list" position="1,81" scrollbarMode="showOnDemand" size="499,276" />
    </screen> 

    <screen name="ArchivCZSKSelectSourceScreen" position="center,center" size="500,350">
        <!-- <widget name="item_pixmap" position="10,13" size="35,25" alphatest="on" /> -->
        <widget name="item_label" position="10,10" size="480,30" halign="center" foregroundColor="#e5b243" font="Regular; 22" />
        <eLabel position="10,50" size="480,1" backgroundColor="#999999" />
        <widget name="list" position="1,81" scrollbarMode="showOnDemand" size="499,276" />
    </screen> 

    <screen name="ArchivCZSKSearchClientScreen" position="center,center" size="500,400">
        <ePixmap name="search_pixmap" position="10,13" size="35,27" zPosition="0" alphatest="blend" pixmap="/usr/lib/enigma2/python/Plugins/Extensions/archivCZSK/gui/icon/search.png" />
        <widget name="search" position="57,13" size="424,69" foregroundColor="#e5b243" halign="center" font="Regular; 23" />
        <ePixmap name="red_pixmap" position="10,90" size="35,27" zPosition="0" alphatest="blend" pixmap="/usr/lib/enigma2/python/Plugins/Extensions/archivCZSK/gui/icon/red.png" />
        <widget source="red_label" render="Label" position="50 ,90" size="330,28" font="Regular;23" halign="left" backgroundColor="background"  transparent="1"/>
        <ePixmap name="green_pixmap" position="10,120" size="35,27" zPosition="0" alphatest="blend" pixmap="/usr/lib/enigma2/python/Plugins/Extensions/archivCZSK/gui/icon/green.png" />
        <widget source="green_label" render="Label" position="50 ,120" size="330,28" font="Regular;23" halign="left" backgroundColor="background"  transparent="1"/>
        <ePixmap name="blue_pixmap" position="10,150" size="35,27" zPosition="0" alphatest="blend" pixmap="/usr/lib/enigma2/python/Plugins/Extensions/archivCZSK/gui/icon/blue.png" />
        <widget source="blue_label" render="Label" position="50 ,150" size="330,28" font="Regular;23" halign="left" backgroundColor="background"  transparent="1"/>
        <widget source="menu" render="Listbox" position="0,207" size="500,170" transparent="1" >
            <convert type="TemplatedMultiContent">
                {"templates":
                    {"default": (29, 
                        [
                            MultiContentEntryText(pos=(10, 0), size=(950, 30), font=0, flags=RT_VALIGN_TOP | RT_HALIGN_LEFT, text=0)
                        ]
                        , True, "showOnDemand"),
                    },
                    "fonts": [gFont("Regular", 20)],
                    "itemHeight": 29
                }
            </convert>
        </widget>
    </screen> 

    <screen name="ArchivCZSKConfigScreen" position="center,center" size="900,575">
        <widget name="key_red" position="8,5" size="215,45" backgroundColor="#9f1313" font="Regular;20" halign="center" shadowColor="black" shadowOffset="-2,-2" valign="center" zPosition="1" />
        <widget name="key_green" position="231,5" size="215,45" backgroundColor="#1f771f" font="Regular;20" halign="center" shadowColor="black" shadowOffset="-2,-2" valign="center" zPosition="1" />
        <widget name="key_yellow" position="454,5" size="215,45" backgroundColor="#a08500" font="Regular;20" halign="center" shadowColor="black" shadowOffset="-2,-2" valign="center" zPosition="1" />
        <widget name="key_blue" size="215,45" position="677,5" backgroundColor="#18188b" font="Regular;20" halign="center" shadowColor="black" shadowOffset="-2,-2" valign="center" zPosition="1" />
        <eLabel position="5,57" size="890,1" backgroundColor="#ffffff" />
        <widget name="categories" position="8,60" size="884,55" tab_size="215,45" spaceWidth="8" tab_fontInactive="Regular;18" tab_fontActive="Regular;21" tab_backgroundColorActive="#000000" tab_backgroundColorInactive="#000000" />
        <widget name="config" position="10,115" size="880,455" scrollbarMode="showOnDemand" />
    </screen>

     <screen name="ArchivCZSKChangelogScreen" position="center,center" size="900,576" title="Info" >
        <widget name="changelog" position="0,0" size="900,576" font="Regular;18" transparent="1" foregroundColor="white" />
    </screen>

    <screen name="ArchivCZSKShortcutsScreen" position="center,center" size="900,576" title="ShortcutsScreen">
        <widget backgroundColor="#9f1313" font="Regular;20" halign="center" name="key_red" position="8,5" shadowColor="black" shadowOffset="-2,-2" size="215,45" valign="center" zPosition="1" />
        <widget backgroundColor="#1f771f" font="Regular;20" halign="center" name="key_green" position="231,5" shadowColor="black" shadowOffset="-2,-2" size="215,45" valign="center" zPosition="1" />
        <widget backgroundColor="#a08500" font="Regular;20" halign="center" name="key_yellow" position="454,5" shadowColor="black" shadowOffset="-2,-2" size="215,45" valign="center" zPosition="1" />
        <widget backgroundColor="#18188b" font="Regular;20" halign="center" name="key_blue" position="677,5" shadowColor="black" shadowOffset="-2,-2" size="215,45" valign="center" zPosition="1" />
        <widget source="menu" render="Listbox" position="7,55" size="885,445" transparent="1" >
            <convert type="TemplatedMultiContent">
                {"templates":
                    {"default": (29, 
                        [
                            MultiContentEntryPixmapAlphaTest(pos=(5, 5), size=(35, 25), png=0),
                            MultiContentEntryText(pos=(60, 0), size=(950, 30), font=0, flags=RT_VALIGN_TOP | RT_HALIGN_LEFT, text=1)
                        ]
                        , True, "showOnDemand"),
                    },
                    "fonts": [gFont("Regular", 21)],
                    "itemHeight": 29
                }
            </convert>
        </widget>
    </screen>

    <screen name="ArchivCZSKDownloadListScreen" position="center,center" size="900,576" title="ShortcutsScreen">
      <widget backgroundColor="#9f1313" font="Regular;20" halign="center" name="key_red" position="8,5" shadowColor="black" shadowOffset="-2,-2" size="215,45" valign="center" zPosition="1" />
      <widget backgroundColor="#1f771f" font="Regular;20" halign="center" name="key_green" position="231,5" shadowColor="black" shadowOffset="-2,-2" size="215,45" valign="center" zPosition="1" />
      <widget backgroundColor="#a08500" font="Regular;20" halign="center" name="key_yellow" position="454,5" shadowColor="black" shadowOffset="-2,-2" size="215,45" valign="center" zPosition="1" />
      <widget backgroundColor="#18188b" font="Regular;20" halign="center" name="key_blue" position="677,5" shadowColor="black" shadowOffset="-2,-2" size="215,45" valign="center" zPosition="1" />
      <widget name="menu" position="7,55" scrollbarMode="showOnDemand" size="885,445" transparent="1" />
    </screen> 

    <screen name="ArchivCZSKDownloadsScreen" position="center,center" size="900,576" title="ShortcutsScreen">
      <widget backgroundColor="#9f1313" font="Regular;20" halign="center" name="key_red" position="8,5" shadowColor="black" shadowOffset="-2,-2" size="215,45" valign="center" zPosition="1" />
      <widget backgroundColor="#1f771f" font="Regular;20" halign="center" name="key_green" position="231,5" shadowColor="black" shadowOffset="-2,-2" size="215,45" valign="center" zPosition="1" />
      <widget backgroundColor="#a08500" font="Regular;20" halign="center" name="key_yellow" position="454,5" shadowColor="black" shadowOffset="-2,-2" size="215,45" valign="center" zPosition="1" />
      <widget backgroundColor="#18188b" font="Regular;20" halign="center" name="key_blue" position="677,5" shadowColor="black" shadowOffset="-2,-2" size="215,45" valign="center" zPosition="1" />
      <widget name="menu" position="7,55" scrollbarMode="showOnDemand" size="885,445" transparent="1" />
    </screen> 

    <screen name="ArchivCZSKDownloadStatusScreen" position="center,140" size="616,435">
        <widget name="filename" position="10,7" size="606,44" valign="top" font="Regular; 22" foregroundColor="red" halign="center" />
        <widget name="path_label" position="10,66" size="119,21" backgroundColor="background" font="Regular; 19" foregroundColor="#e5b243" />
        <widget name="path" position="10,66" size="606,41" valign="top" halign="left" font="Regular; 19" />
        <widget name="start_label" position="9,129" size="606,21" foregroundColor="#e5b243" font="Regular; 19" />
        <widget name="start" position="10,129" size="606,21" font="Regular; 19" />
        <widget name="finish_label" position="9,161" size="606,21" foregroundColor="#e5b243" font="Regular; 19" />
        <widget name="finish" position="10,161" size="606,21" font="Regular; 19" />
        <widget name="size_label" position="10,214" size="606,21" foregroundColor="#e5b243" font="Regular; 19" />
        <widget name="size" position="10,214" size="606,21" font="Regular; 19" />
        <widget name="speed_label" position="10,241" size="606,21" foregroundColor="#e5b243" font="Regular; 19" />
        <widget name="speed" position="10,241" size="606,21" font="Regular; 19" />
        <widget name="state_label" position="10,289" size="606,21" foregroundColor="#e5b243"  font="Regular; 19"/>
        <widget name="state" position="10,289" size="606,21" foregroundColors="#00b837,#ff2b39,#024dd9" font="Regular; 19"/>
        <widget name="status" position="10,330" size="606,89" font="Console; 14" />
    </screen>

    <screen name="ArchivCZSKCaptchaScreen" position="center,center" size="560,460" zPosition="99" title="Virtual keyboard">
        <ePixmap pixmap="skin_default/vkey_text.png" position="9,165" zPosition="-4" size="542,52" alphatest="on" />
        <widget source="country" render="Pixmap" position="490,0" size="60,40" alphatest="on" borderWidth="2" borderColor="yellow" >
            <convert type="ValueToPixmap">LanguageCode</convert>
        </widget>
        <widget name="header" position="10,10" size="500,20" font="Regular;20" transparent="1" noWrap="1" />
        <widget name="captcha" position="10, 50" size ="540,110" alphatest="blend" zPosition="-1" />
        <widget name="text" position="12,165" size="536,46" font="Regular;46" transparent="1" noWrap="1" halign="right" />
        <widget name="list" position="10,220" size="540,225" selectionDisabled="1" transparent="1" />
    </screen>

    <screen name="ArchivCZSKPlaylistScreen" position="center,center" size="650,450" flags="wfNoBorder" backgroundColor="#48080808">
        <widget source="title" render="Label" position="0,0" size="650,55" valign="center" halign="center" backgroundColor="#28080808" font="Regular;24" foregroundColor="#e9b253" />
        <widget source="list" render = "Listbox" position="0,60" size="650,390" scrollbarMode="showOnDemand" backgroundColor="#48080808" >
            <convert type="TemplatedMultiContent">
                {"templates":
                    {"default": (30, [
                        MultiContentEntryText(pos=(0,0),size=(650,30),font=0,flags=RT_HALIGN_LEFT|RT_VALIGN_CENTER,text=0)
                        ], True, "showNever")
                    },
                    "fonts": [gFont("Regular", 22)],
                    "itemHeight": 30
                }
            </convert>
        </widget>
    </screen> 

    <screen name="ArchivCZSKChoiceBox" position="center,center" size="550,400" zPosition="1">
        <widget name="text" position="10,10" size="550,25" font="Regular;20" />
        <widget name="list" position="0,30" size="550,335" scrollbarMode="showOnDemand" />
    </screen>
</skin>
